date,u1,u2,u3,u4
1991-07-05,-0.004,0.22842,0.30112,0.38827
1991-08-06,-2.61748,0.48536,-0.67267,-0.06428
1991-08-21,1.75414,-1.45254,0.59182,0.03054
1991-09-13,-0.75067,0.77642,-0.61205,0.10202
1991-10-02,-0.1515,0.20642,-0.19934,-0.0651
1991-10-30,-0.42135,0.07382,-0.00235,-0.19013
1991-11-06,-1.39693,-0.05877,-0.1804,-1.49696
1991-12-06,-0.00172,0.05654,0.08851,0.23212
1991-12-18,0.6723,-0.29021,-0.15416,0.06403
1991-12-20,-5.13684,0.77095,0.3829,-3.43181
1992-02-06,0.17847,-0.16408,-0.05549,0.01758
1992-04-01,0.1465,0.03759,0.12117,-0.25894
1992-04-09,-2.99411,-1.28683,0.93488,-1.39859
1992-05-20,-0.00593,0.56943,-0.82482,0.29401
1992-07-02,-1.213,0.98007,-0.14642,0.60038
1992-08-19,0.36569,-0.31304,0.07213,-0.03031
1992-09-04,0.00192,-0.1741,0.39137,-0.11703
1992-10-07,-0.00359,0.44745,-0.05279,-0.00222
1992-11-18,-0.70876,0.31197,-0.46167,0.71406
1992-12-23,0.54821,-0.28463,0.08829,-0.30251
1993-02-04,1e-05,0.06677,0.06319,-0.1057
1993-03-24,-0.00196,0.25024,-0.1096,-0.00517
1993-05-19,-0.36337,-0.01109,-0.35255,0.1013
1993-07-08,0.38273,-0.72351,0.13767,0.3711
1993-08-18,-0.00162,0.22921,0.08834,-0.04793
1993-09-22,-0.00077,0.03992,0.04014,0.08214
1993-11-17,0.3274,-0.30385,-0.15996,-0.09799
1993-12-22,1e-05,-0.02446,-0.00132,0.03475
1994-02-04,2.28312,0.8176,0.30611,1.06401
1994-03-22,0.00977,-0.814,-0.9549,-0.57274
1994-04-18,2.10323,0.4537,0.33785,0.24128
1994-05-17,1.58073,-2.46728,-0.92602,-0.83195
1994-07-06,-0.70205,0.70167,0.19943,-0.14513
1994-08-16,1.74986,-1.0856,-1.19222,0.3475
1994-09-27,-1.27191,0.97384,0.43254,-0.18179
1994-11-15,1.69278,-0.1707,-0.20415,-0.90639
1994-12-20,-3.18926,2.24652,-0.73326,0.49515
1995-02-01,0.867,0.45874,-0.04415,0.73334
1995-03-28,-0.14326,0.34118,0.25491,-0.0221
1995-05-23,0.00018,0.00938,0.06015,-0.02434
1995-07-06,-1.54194,-1.36749,-0.8515,-2.85728
1995-08-22,0.48041,0.22953,0.27467,0.29005
1995-09-26,0.4171,0.31357,0.35135,0.38183
1995-11-15,0.56005,0.00951,0.09832,0.35156
1995-12-19,-1.27643,0.46441,-0.38837,0.40199
1996-01-31,-0.41883,-0.12963,0.11109,-0.361
1996-03-26,0.13887,-0.16051,-0.27462,0.57252
1996-05-21,-0.00282,0.40758,0.11559,-0.12216
1996-07-03,-1.01355,0.28804,-0.19848,-0.03927
1996-08-20,-0.40088,0.56633,0.07302,0.01644
1996-09-24,-1.68008,0.07483,0.23726,-1.33318
1996-11-13,-0.24834,-0.12462,-0.64067,0.27788
1996-12-17,0.15572,0.02063,0.11228,-0.06396
1997-02-05,-0.51874,0.84855,0.30848,-0.27659
1997-03-25,0.55207,1.17254,0.54098,0.08761
1997-05-20,-1.38913,-0.06361,-0.24785,0.61188
1997-07-02,-0.3028,0.05339,-0.38829,0.37509
1997-08-19,-0.00207,0.60631,0.23731,-0.57048
1997-09-30,0.00087,0.16018,0.26862,-0.42062
1997-11-12,-0.58427,0.82698,-0.27136,-1.47073
1997-12-16,0.00263,-0.02033,0.14362,-0.47119
1998-02-04,-0.00374,0.65666,-0.10109,-0.28863
1998-03-31,-0.14237,0.17587,-0.01006,0.07711
1998-05-19,-0.36223,0.19948,-0.01087,-0.4764
1998-07-01,-0.07295,-0.06456,0.02642,0.17796
1998-08-18,0.16989,-0.40704,0.12787,0.19336
1998-09-29,0.7028,0.74633,-0.21753,-1.1365
1998-10-15,-3.3763,-3.01015,-0.86903,-0.54865
1998-11-17,-0.97709,-0.39123,-0.45348,1.39062
1998-12-22,-0.00091,0.21988,-0.00974,-0.1627
1999-02-03,0.07736,-0.20584,0.49261,0.53872
1999-03-30,-0.13559,-0.05532,0.34941,-0.86466
1999-05-18,-0.19137,3.07546,1.06197,-0.27536
1999-06-30,-0.4019,-2.97687,-0.41483,0.83641
1999-08-24,0.4955,-1.00427,-0.41895,0.87138
1999-10-05,-0.60616,2.30293,0.48668,0.17316
1999-11-16,1.046,0.6852,0.03768,0.49988
1999-12-21,0.21415,-0.52386,0.62349,1.48002
2000-02-02,-0.844,1.53306,0.32178,0.24907
2000-03-21,-0.66315,0.81411,-0.72979,0.61183
2000-05-16,0.57377,1.00237,-0.49555,-0.16346
2000-06-28,-0.34853,-0.36344,-0.08259,0.02444
2000-08-22,-0.24725,0.57855,-0.17453,0.14068
2000-10-03,-0.01152,1.1139,-0.31149,0.48931
2000-11-15,-0.14239,1.08432,-0.62467,-1.23895
2000-12-19,0.91171,0.19385,0.89281,-1.10938
2001-01-31,0.49371,0.44181,0.45016,-1.03549
2001-03-20,1.00434,-0.43541,0.83373,-2.02804
2001-04-18,-6.14305,-1.4483,1.33019,1.08274
2001-05-15,-1.34364,-1.37918,1.31238,-1.34551
2001-06-27,1.47476,0.13859,-0.17716,-0.02436
2001-08-21,0.22693,0.15112,0.68991,-1.99869
2001-10-02,-0.52834,0.69487,-0.07349,-0.59386
2001-11-06,-2.0981,-1.27183,0.89763,-0.00409
2001-12-11,-0.09649,-0.94948,-0.27561,-0.87777
2002-01-30,0.35365,-0.06077,-0.1574,-0.32978
2002-03-19,-0.35197,-0.04826,-0.25935,-2.01318
2002-05-07,0.09774,-0.01459,0.14796,-1.31625
2002-06-26,-0.00022,0.71512,0.27994,-1.05993
2002-08-13,0.62917,-0.86298,0.65204,-3.23003
2002-09-24,0.28219,1.07223,-0.26208,-1.82059
2002-11-06,-2.82188,2.95935,-1.95667,-2.31493
2002-12-10,-0.00872,1.00729,-0.42216,0.13142
2003-01-29,0.13381,0.05993,0.61276,1.13879
2003-03-18,0.33657,0.49918,-0.46166,-1.04378
2003-05-06,0.5464,-1.86328,0.45344,-1.62373
2003-06-25,1.89941,-0.41632,0.35274,0.22042
2003-08-12,0.00987,-0.4862,0.15003,-1.12333
2003-09-16,0.15329,0.01668,0.05324,-0.52251
2003-10-28,-0.04928,-1.13723,-0.24361,-2.2018
2003-12-09,-0.01189,0.54673,1.50091,1.32089
2004-01-28,0.0273,3.64516,0.66582,2.50036
2004-03-16,0.01589,-0.78108,-0.51714,-1.77038
2004-05-04,-0.16698,-0.091,0.16574,1.1878
2004-06-30,-0.06857,-0.50133,0.46318,0.41682
2004-08-10,0.096,0.80941,-0.05382,0.22348
2004-09-21,0.00126,-0.06271,-0.57681,-0.10914
2004-11-10,-0.10146,-0.24044,-0.43166,-0.35283
2004-12-14,-0.12595,-0.155,-0.12616,-0.20112
2005-02-02,-0.00055,0.13591,-0.68988,-0.06636
2005-03-22,-0.01576,1.00569,1.83884,1.33344
2005-05-03,-0.08502,0.13703,-0.45691,1.18695
2005-06-30,-0.07998,1.26475,-0.85037,-0.05061
2005-08-09,-0.09477,-0.48316,-0.21762,-0.06453
2005-09-20,0.63461,-0.05425,-0.72797,-0.28445
2005-11-01,-0.07663,-0.01759,-0.18598,0.75562
2005-12-13,-0.12009,-0.56595,-0.32074,0.7037
2006-01-31,0.06426,0.6143,0.45763,0.17112
2006-03-28,-0.01017,1.35402,0.33549,-0.16392
2006-05-10,-0.012,0.91361,-0.01521,0.86746
2006-06-29,-0.20142,-1.20688,0.61626,0.03519
2006-08-08,-0.66458,0.59972,0.09993,-0.63479
2006-09-20,-0.21759,0.79811,-0.14666,0.09614
2006-10-25,-0.06772,-0.03584,-0.29464,-0.40836
2006-12-12,0.00847,-0.81888,-0.24135,-0.33495
2007-01-31,-0.06894,-0.66263,-0.26253,0.76905
2007-03-21,0.01966,-2.32284,0.30471,-0.18169
2007-05-09,-0.09922,0.11412,0.67479,-0.15862
2007-06-28,-0.00359,0.58101,-0.05534,-0.20478
2007-08-07,0.09754,0.83163,0.21278,-2.54045
2007-08-10,0.2036,0.48836,-0.33861,0.02481
2007-08-17,0.47161,-1.06601,1.6561,0.61308
2007-09-18,-2.80335,-1.48741,1.51279,0.76678
2007-10-31,-0.36892,1.71048,0.01751,0.72775
2007-12-11,0.46666,-0.15298,0.90764,-5.60578
2008-01-22,-6.58258,5.90194,0.21746,-0.10594
2008-01-30,-1.61342,-0.79166,1.1065,0.61199
2008-03-11,1.171,1.17874,-0.0746,3.30819
2008-03-18,1.34411,0.86854,-0.50841,-1.94219
2008-04-30,-0.91317,-0.16512,0.21321,0.17188
2008-06-25,-0.13294,-0.62896,0.55082,-0.50368
2008-08-05,-0.04171,-0.20444,0.49623,0.2512
2008-09-16,1.50507,0.40574,0.78337,-0.55181
2008-10-08,-1.72211,2.4172,0.26233,-0.42874
2008-10-29,-0.48779,2.3418,-0.7514,-4.28424
2008-12-16,-2.2336,-2.18595,-1.86795,0.1397
2009-01-28,0.07105,-0.02111,0.43583,-0.13827
2009-03-18,0.00653,-0.43445,-11.61888,0.06484
2009-04-29,0.06947,-1.16573,1.66824,1.82856
2009-06-24,-0.00649,0.65488,2.24787,0.1032
2009-08-12,0.00204,0.07699,0.75854,-0.54172
2009-09-23,-0.05524,-1.52847,-0.85274,-0.45665
2009-11-04,-0.07596,-0.55267,1.09946,-0.18489
2009-12-16,-0.43818,0.26234,0.85779,0.02464
2010-01-27,-0.08381,0.82224,-0.57,1.32456
2010-03-16,-0.06294,-0.86464,0.45525,-0.53841
2010-04-28,0.00216,-0.46537,0.54048,0.27049
2010-06-23,0.07102,-0.49097,0.00227,0.60353
2010-08-10,0.05292,-0.65638,-1.75777,0.89223
2010-09-21,0.00205,-0.89304,-0.04466,0.97301
2010-11-03,0.12094,-0.02394,2.25993,-0.81294
2010-12-14,0.00231,-0.28293,0.8434,-0.04929
2011-01-26,-0.06702,-0.22922,0.80496,-0.30624
2011-03-15,-0.00637,0.05564,-0.15998,1.1204
2011-04-27,0.00655,-0.59652,0.16425,-0.3325
2011-06-22,-0.00287,-0.00588,0.37603,0.52668
2011-08-09,-0.07935,-0.24686,1.2657,-3.37189
2011-09-21,0.10815,1.15631,-1.99095,0.05453
2011-11-02,-0.0026,0.36997,-0.1421,-0.06616
2011-12-13,0.06019,0.98619,-0.33614,-1.40698
2012-01-25,-0.06754,-0.37694,-1.17582,0.1238
2012-03-13,-0.00082,-0.04679,1.03882,0.16872
2012-04-25,0.00121,-0.09028,0.50051,-0.11667
2012-06-20,0.10061,0.56499,-1.4943,0.15007
2012-08-01,-0.16672,0.44915,0.17245,0.60834
2012-09-13,0.12206,-0.9417,1.81504,1.71291
2012-10-24,-0.07091,0.15107,-0.1249,-0.10163
2012-12-12,0.05873,-0.7142,0.88178,0.77495
2013-01-30,0.07225,-0.05624,-0.05727,-0.28332
2013-03-20,0.00083,-0.15521,-0.08008,0.08414
2013-05-01,-0.29204,-0.05075,0.35811,0.37355
2013-06-19,-0.00292,0.01173,1.47962,0.45063
2013-07-31,0.07144,-0.57036,-0.57239,0.67788
2013-09-18,0.00666,-1.13249,-2.62687,0.61046
2013-10-30,-0.00015,0.24336,1.09302,-0.39995
2013-12-18,0.00304,-1.18334,0.17162,1.21575
2014-01-29,-0.00067,0.66655,-0.42586,-0.86309
2014-03-19,-0.01202,0.88342,0.32719,0.89884
2014-04-30,0.00019,-0.07533,0.21344,0.06748
2014-06-18,-0.00335,-0.14281,-0.41702,0.8677
2014-07-30,-0.07008,-0.41375,-0.48739,0.61911
2014-09-17,-0.00699,0.0615,0.1305,1.21239
2014-10-29,0.06262,0.88215,-0.02515,0.09961
2014-12-17,-0.06273,-1.97761,0.6836,0.1224
2015-01-28,0.00219,0.13234,-0.1534,-0.60345
2015-03-18,-0.06774,-2.7533,-0.22003,1.15559
2015-04-29,-0.07001,-0.09932,-0.11287,0.10736
2015-06-17,-0.07299,-0.80741,-0.57395,-0.2647
2015-07-29,-0.0681,-0.26877,-0.24785,0.01384
2015-09-17,-0.88669,-0.18389,-0.34931,-0.70324
2015-10-28,-0.08395,1.81664,-0.62851,-0.15537
2015-12-16,0.29386,-0.32833,-0.52395,-0.10388
2016-01-27,-0.06472,0.14264,-0.00733,-1.25907
2016-03-16,-0.20029,-1.26479,-0.18258,-1.36531
2016-04-27,-0.07338,-0.02463,-0.38407,0.64166
2016-06-15,0.00996,-0.61069,0.38534,-0.96494
2016-07-27,-0.1426,0.03034,-0.49262,0.36653
2016-09-21,-0.69928,-0.27527,-0.416,-0.20382
2016-11-02,-0.07705,0.02915,-0.0438,0.28072
2016-12-14,-0.01193,0.82878,0.4999,0.95547
2017-02-01,-0.03078,-0.6161,0.35131,-0.16512
2017-03-15,0.01327,-1.09048,0.01424,-0.8364
2017-05-03,-0.00365,0.16526,0.112,0.42795
2017-06-14,0.2596,0.24043,-0.09311,0.37592
2017-07-26,-0.06689,-0.19062,-0.11588,-0.33907
2017-09-20,-0.00857,0.661,0.21754,0.59485
2017-11-01,-0.0369,-0.08973,0.15513,0.22095
2017-12-13,0.00327,-0.31198,-0.10905,-0.134
2018-01-31,-0.07259,0.2063,0.3375,0.10447
2018-03-21,0.0026,-0.73766,0.8408,0.58551
2018-05-02,0.00295,-0.35738,-0.00813,-0.01176
2018-06-13,-0.07079,0.68024,0.16319,0.58687
2018-08-01,0.08045,-0.06627,-0.1377,0.01745
2018-09-26,0.14257,-0.47627,0.05642,0.33833
2018-11-08,0.04673,-0.04287,0.07133,0.28577
2018-12-19,0.45459,0.88442,-0.6373,-1.4796
2019-01-30,0.00927,-1.5701,0.24061,0.63012
2019-03-20,0.21193,-1.40645,-0.17543,-0.49325
2019-05-01,-0.39136,-0.67363,0.22731,-0.50285
2019-06-19,0.59479,-1.80633,0.38838,-1.0038
