date,MP1,ONRUN2,ONRUN10,SP500
1991-07-05,0,2.1,2.4,-2.932
1991-08-06,-18.6,-7.7,-4,49.425
1991-08-21,12.4,0.8,0.4,12.212
1991-09-13,-5.294,0.4,-0.9,-4.647
1991-10-02,-1.069,0,-0.5,-4.361
1991-10-30,-3.001,-1.7,-0.6,2.295
1991-11-06,-10,-9.3,-5,0
1991-12-06,0,0.9,0.9,2.634
1991-12-18,4.769,1.3,-0.5,-0.786
1991-12-20,-36.635,-24.1,-8.2,0
1992-02-06,1.261,0,-0.4,3.623
1992-04-01,1.035,0,0.2,-13.198
1992-04-09,-21.429,-18.8,-5.3,80.1509999999999
1992-05-20,0,2.6,-1.1,-6.721
1992-07-02,-8.552,1.2,1.8,5.57
1992-08-19,2.583,0,-0.2,2.617
1992-09-04,0,-0.8,0.8,-0.24
1992-10-07,0,1.7,0.9,-18.129
1992-11-18,-4.999,0.5,-0.3,27.846
1992-12-23,3.873,0,-0.4,-10.212
1993-02-04,0,0,0.2,-6.245
1993-03-24,0,0.9,0.2,-9.324
1993-05-19,-2.583,-1.2,-1.5,15.957
1993-07-08,2.696,-0.4,-0.2,29
1993-08-18,0,0.8,0.8,-11.818
1993-09-22,0,0.4,0.4,0
1993-11-17,2.308,-0.4,-1.2,4.079
1993-12-22,0,0,0,1.935
1994-02-04,16.333,14.2,7.4,-65.986
1994-03-22,-0.001,-5.2,-6.6,30.084
1994-04-18,15.001,9.9,4.9,-67.892
1994-05-17,11.072,-6.9,-9.5,54.159
1994-07-06,-4.96,0,1.5,-18.351
1994-08-16,12.399,2.2,-4.7,25.516
1994-09-27,-9,-0.9,2.4,-19.502
1994-11-15,12,2.6,-1.2,-55.058
1994-12-20,-22.546,-1.3,0.6,4.59
1995-02-01,6.223,6.8,3.2,-20.96
1995-03-28,-1,0.9,1.6,-14.307
1995-05-23,0.001,0,0.2,-1.713
1995-07-06,-11.16,-19,-13.4,31.071
1995-08-22,3.443,3.5,2.6,-16.999
1995-09-26,3.001,3.9,3.2,-17.497
1995-11-15,3.999,3,1.6,-6.109
1995-12-19,-9.041,-1.7,-0.8,26.401
1996-01-31,-3.001,-2.9,-1,5.067
1996-03-26,1,1.3,-0.2,21.235
1996-05-21,-0.001,1.3,1.2,-21.492
1996-07-03,-7.197,-2.6,-1.1,13.861
1996-08-20,-2.819,0.9,1.3,-14.401
1996-09-24,-12,-9.1,-3.1,0.727
1996-11-13,-1.765,-0.9,-2.4,25.763
1996-12-17,1.107,0.5,0.5,-7.589
1997-02-05,-3.652,0.9,2.2,-33.607
1997-03-25,4,7,5.6,-66.551
1997-05-20,-9.865,-3.5,-1.3,55.083
1997-07-02,-2.138,0,-0.9,19.237
1997-08-19,-0.001,0.9,1.3,-42.781
1997-09-30,0,-0.4,0.6,-20.644
1997-11-12,-4.166,-3,-2.3,-55.214
1997-12-16,0,-1.3,-0.4,-12.988
1998-02-04,0,1.7,0.7,-33.72
1998-03-31,-1,0.4,0.4,-1.808
1998-05-19,-2.584,-1.8,-0.8,-11.687
1998-07-01,-0.516,0,0.2,8.763
1998-08-18,1.193,-0.4,0,16.447
1998-09-29,5,2.1,-0.4,-75.181
1998-10-15,-24.219,-25.4,-15,204.262
1998-11-17,-6.923,-1.3,-1,81.194
1998-12-22,0,0.4,0.2,-13.276
1999-02-03,0.56,1.2,2.4,14.979
1999-03-30,-1,-2.9,-0.6,-20.642
1999-05-18,-1.193,11.1,10.8,-143.559
1999-06-30,-3,-10.9,-7.7,160.906
1999-08-24,3.5,0,-1.9,57.282
1999-10-05,-4.173,7.6,7.2,-82.928
1999-11-16,7.501,7.7,3.8,-41.763
1999-12-21,1.551,3.1,4,47.722
2000-02-02,-5.907,3.9,4.6,-41.01
2000-03-21,-4.65,2.2,-0.2,6.116
2000-05-16,4.133,5.2,0.9,-54.54
2000-06-28,-2.5,-2.6,-1.5,25.302
2000-08-22,-1.721,1.7,0.8,-12.621
2000-10-03,0,5.5,2.5,-30.266
2000-11-15,-0.999,0,-2.1,-66.752
2000-12-19,6.458,1.3,2.6,-69.114
2001-01-03,-39.304,-1.6,5.2,407.575
2001-01-31,3.5,0.8,1.3,-62.364
2001-03-20,7.046,-3.4,-0.8,-67.958
2001-04-18,-43.749,-23.3,-2.7,222.956
2001-05-15,-9.688,-13.1,-2.4,40.882
2001-06-27,10.5,5.5,1.1,-40.319
2001-08-21,1.549,-3.8,-0.6,-71.223
2001-10-02,-3.742,-0.8,-0.195,-30.724
2001-11-06,-15,-11.8,-1.9,94.037
2001-12-11,-0.775,-6.6,-5.1,22.721
2002-01-30,2.5,0,-1,-12.751
2002-03-19,-2.584,-7.1,-5.2,-38.271
2002-05-07,0.645,-3.28,-1.86,-37.352
2002-06-26,0,0,0.81,-60.479
2002-08-13,4.306,-9.78,-5.15,-69.761
2002-09-24,2,0,-1.46,-95.71
2002-11-06,-20,-5.62,-7.07,-92.593
2002-12-10,0,4.05,1.16,-33.811
2003-01-29,1,4.15,4.68,16.534
2003-03-18,2.383,0,-2.1,-50.717
2003-05-06,3.72,-9.63,-5.42,17.834
2003-06-25,13.5,5.75,2.57,-27.153
2003-08-12,0,-4.89,-2.74,-10.492
2003-09-16,1.072,-0.82,-0.59,-18.495
2003-10-28,-0.5,-10.81,-7.88,-5.012
2003-12-09,0,6.49,9.36,-5.813
2004-01-28,0.5,21.55,16.16,-96.77
2004-03-16,0,-8.14,-7.14,-7.294
2004-05-04,-1.148,2.43,2.45,36.567
2004-06-30,-0.5,-0.81,1.19,28.122
2004-08-10,0.738,4.08,2.31,-29.91
2004-09-21,0,-0.83,-2.49,6.393
2004-11-10,-0.75,-2.48,-2.95,8.411
2004-12-14,-0.913,-1.66,-1.35,5.833
2005-02-02,0,0,-2.34,0.504
2005-03-22,0,8.47,11.76,-28.511
2005-05-03,-0.553,3.29,0.79,32.116
2005-06-30,-0.5,4.09,-0.2,-42.657
2005-08-09,-0.705,-2.5,-2.21,23.399
2005-09-20,4.5,0.84,-2.73,-12.166
2005-11-01,-0.518,1.66,0.61,24.188
2005-12-13,-0.861,-0.84,-1.38,48.448
2006-01-31,0.5,3.32,3.59,-28.159
2006-03-28,0,4.96,4.26,-64.595
2006-05-10,0,5.91,3.81,-15.511
2006-06-29,-1.5,-5,-0.83,49.365
2006-08-08,-4.718,-1.67,0,-26.456
2006-09-20,-1.499,2.55,1.39,-24.016
2006-10-25,-0.5,-1.65,-2.01,-3.989
2006-12-12,0,-4.21,-3.53,28.273
2007-01-31,-0.5,-0.83,-1.23,52.273
2007-03-21,0,-9.34,-4.92,88.763
2007-05-09,-0.704,0,2.38,-14.18
2007-06-28,0,1.66,0.84,-28.916
2007-08-07,0.646,-3.33,-1.83,-105.096
2007-08-10,1.477,2.51,0.2,-20.921
2007-08-17,3.321,0,5.11,30.044
2007-09-18,-20,-12.65,0.59,133.054
2007-10-31,-2.499,7.41,5.28,-44.209
2007-12-11,3.101,-14.01,-7.07,-159.674
2008-01-22,-46.501,0,8.64,-92.44
2008-01-30,-11.5,-6.44,1.69,75.571
2008-03-11,8.525,17.76,9.99,8.089
2008-03-18,9.539,2.43,-2.05,-113.335
2008-04-30,-6.5,-3.23,-0.2,31.143
2008-06-25,-1,-4.03,-0.59,10.337
2008-08-05,-0.298,0,1.76,10.375
2008-09-16,10.713,5.67,4.35,-76.838
2008-10-08,-12.13,2.4,4.42,-73.477
2008-10-29,-3.5,-4.77,-5.52,-188.032
2008-12-16,-16.017,-16.82,-14.24,171.037
2009-01-28,0.5,0,1.37,-9.395
2009-03-18,0,-7.3,-43.89,152.76
2009-04-29,0.5,1.58,6.79,75.174
2009-06-24,0,3.94,10.11,-50.384
2009-08-12,0,-0.81,1.98,-25.911
2009-09-23,-0.5,-7.84,-7.83,63.447
2009-11-04,-0.577,-2.38,2.28,7.677
2009-12-16,-3.1,0,3.43,-9.519
2010-01-27,-0.5,6.29,2.32,8.19
2010-03-16,-0.517,-4.85,-1.52,18.716
2010-04-28,0,-0.79,1.36,20.239
2010-06-23,0.5,0,0,34.373
2010-08-10,0.369,-0.79,-6.39,69.335
2010-09-21,0,-0.81,-0.54,62.964
2010-11-03,0.833,-0.79,6.89,-48.747
2010-12-14,0,-0.81,2.33,0.883
2011-01-26,-0.5,-1.57,1.77,-5.857
2011-03-15,0,3.21,1.64,28.501
2011-04-27,0,-3.14,-1.48,14.414
2011-06-22,0,1.61,2.36,9.572
2011-08-09,-0.704,-9.92,-2.33,-89.025
2011-09-21,0.834,4.04,-4.3,-26.924
2011-11-02,0,1.18,0.26,-15.528
2011-12-13,0.431,0,-1.39,-75.199
2012-01-25,-0.5,-1.95,-5.11,34.102
2012-03-13,0,0.8,4.04,-5.568
2012-04-25,0,-0.42,1.41,-4.978
2012-06-20,0.751,2.22,-3.75,-5.17
2012-08-01,-1.137,2.94,2.72,-1.087
2012-09-13,0.883,2.39,7.72,59.84
2012-10-24,-0.5,0,-0.35,-5.795
2012-12-12,0.408,0,3.01,38.377
2013-01-30,0.5,-0.78,-0.81,-6.04
2013-03-20,0,-0.41,-0.52,9.572
2013-05-01,-2.066,0,1.61,14.757
2013-06-19,0,2.02,6.34,-5.759
2013-07-31,0.5,-0.39,-2.18,46.186
2013-09-18,0,-4.02,-11.35,93.123
2013-10-30,0,0.39,3.89,-33.014
2013-12-18,0,-1.16,0,78.887
2014-01-29,0,0,-1.55,-45.282
2014-03-19,0,6.05,5.06,-17.357
2014-04-30,0,0,0.73,2.448
2014-06-18,0,1.62,-0.27,33.186
2014-07-30,-0.5,-0.39,-1.73,40.578
2014-09-17,0,3.63,2.9,27.313
2014-10-29,0.5,3.92,2.33,-35.665
2014-12-17,-0.554,-7.25,-2.18,79.783
2015-01-28,0,-1.22,-1.37,-19.384
2015-03-18,-0.597,-7.89,-5.5,149.382
2015-04-29,-0.5,-0.39,-0.53,9.926
2015-06-17,-0.577,-4.42,-4.68,35.392
2015-07-29,-0.5,-1.37,-1.62,16.123
2015-09-17,-6.347,-5.91,-3.94,15.194
2015-10-28,-0.5,6.05,1.78,-70.941
2015-12-16,2.067,-0.81,-2.65,9.938
2016-01-27,-0.5,-3.15,-2.1,-36.74
2016-03-16,-1.55,-9.49,-6.55,24.853
2016-04-27,-0.5,1.23,-0.35,23.738
2016-06-15,0,-4.82,-1.88,-3.89
2016-07-27,-1,0.39,-1.2,17.277
2016-09-21,-5,-4.27,-3.29,28.085
2016-11-02,-0.536,0.6,0.36,8.383
2016-12-14,0,6.08,5.67,-15.587
2017-02-01,-0.26,-2.79,-0.56,18.312
2017-03-15,0,-6.51,-4.19,23.708
2017-05-03,0,1.87,1.62,2.895
2017-06-14,1.875,2.83,1.21,-5.658
2017-07-26,-0.5,-1.97,-1.6,2.219
2017-09-20,0,4.3,3.54,-14.685
2017-11-01,-0.259,0.21,0.73,8.574
2017-12-13,0,-1.63,-1.42,10.802
2018-01-31,-0.5,1.01,1.88,-8.058
2018-03-21,0,-0.83,2.39,36.319
2018-05-02,0,-1.42,-0.93,14.705
2018-06-13,-0.442,4.11,3.31,-13.56
2018-08-01,0.569,0,-0.56,2.846
2018-09-26,1,-0.4,-0.19,24.566
2018-11-08,0.341,0.82,0.74,7.201
2018-12-19,3.228,0.62,-2.5,-78.956
2019-01-30,0,-4.23,-1.79,79.086
2019-03-20,1.408,-6.2,-4.83,43.128
2019-05-01,-2.842,-5.26,-2.15,22.228
2019-06-19,4.091,-7.56,-4.31,30.974
